year,age,refund_2023(age 60),refund_2024(age 61),refund_2025(age 62),refund_2026(age 63),refund_2027(age 64),refund_2028(age 65)
0,0,"111,600","148,800","186,000","223,200","260,400","297,600"
2023,60,0,0,0,0,0,0
2024,61,"236,130",0,0,0,0,0
2025,62,"472,261","257,608",0,0,0,0
2026,63,"708,392","515,217","277,372",0,0,0
2027,64,"944,522","772,825","554,744","297,817",0,0
2028,65,"1,180,653","1,030,434","832,116","595,634","318,943",0
2029,66,"1,416,784","1,288,042","1,109,488","893,451","637,887","340,752"
2030,67,"1,652,915","1,545,651","1,386,860","1,191,268","956,831","681,504"
2031,68,"1,889,045","1,803,259","1,664,232","1,489,086","1,275,775","1,022,256"
2032,69,"2,125,176","2,060,868","1,941,604","1,786,903","1,594,719","1,363,008"
2033,70,"2,361,307","2,318,476","2,218,977","2,084,720","1,913,663","1,703,760"
2034,71,"2,597,437","2,576,085","2,496,349","2,382,537","2,232,607","2,044,512"
2035,72,"2,833,568","2,833,693","2,773,721","2,680,355","2,551,550","2,385,264"
2036,73,"3,069,699","3,091,302","3,051,093","2,978,172","2,870,494","2,726,016"
2037,74,"3,305,830","3,348,910","3,328,465","3,275,989","3,189,438","3,066,768"
2038,75,"3,541,960","3,606,519","3,605,837","3,573,806","3,508,382","3,407,520"
2039,76,"3,778,091","3,864,127","3,883,209","3,871,624","3,827,326","3,748,272"
2040,77,"4,014,222","4,121,736","4,160,581","4,169,441","4,146,270","4,089,024"
2041,78,"4,250,352","4,379,344","4,437,954","4,467,258","4,465,214","4,429,776"
2042,79,"4,486,483","4,636,953","4,715,326","4,765,075","4,784,158","4,770,528"
2043,80,"4,722,614","4,894,561","4,992,698","5,062,893","5,103,101","5,111,280"
2044,81,"4,958,745","5,152,170","5,270,070","5,360,710","5,422,045","5,452,032"
